{
  "custom_objects": {
    "custom_object_types": [
      {
        "key": "request_type",
        "schema": {
          "properties": {
            "name": {
              "type": "string",
              "description": "The name of the request type"
            },
            "ticket_form_id": {
              "type": "integer",
              "description": "The id of the Zendesk Ticket form from which data will be pulled"
            },
            "ticket_field_id": {
              "type": "integer",
              "description": "The id of the Zendesk Ticket field from which data will be pulled"
            }
          },
          "required": ["name", "ticket_form_id", "ticket_field_id"]
        }
      },
      {
        "key": "task_type",
        "schema": {
          "properties": {
            "name": {
              "type": "string",
              "description": "The name of the task type"
            }
          },
          "required": ["name"]
        }
      },
      {
        "key": "agent",
        "schema": {
          "properties": {
            "name": {
              "type": "string",
              "description": "Name of the agent"
            },
            "email": {
              "type": "string",
              "description": "Email of the agent"
            }
          },
          "required": ["name", "email"]
        }
      },
      {
        "key": "requester",
        "schema": {
          "properties": {
            "name": {
              "type": "string",
              "description": "Name of the requester"
            },
            "email": {
              "type": "string",
              "description": "Email of the requester"
            }
          },
          "required": ["name", "email"]
        }
      },
      {
        "key": "request",
        "schema": {
          "properties": {
            "type": {
              "type": "string",
              "description": "Determines whether the request is for a new or existing item"
            }
          },
          "required": ["type"]
        }
      },
      {
        "key": "item",
        "schema": {
          "properties": {
            "type": {
              "type": "string",
              "description": "Type of item"
            },
            "model": {
              "type": "string",
              "description": "Model of item"
            }
          },
          "required": ["type", "model"]
        }
      },
      {
        "key": "approval",
        "schema": {
          "properties": {
            "status": {
              "type": "string",
              "description": "Status of the approval request"
            },
            "approver": {
              "type": "object",
              "description": "Information about the approver"
            },
            "rejection_comment": {
              "type": "string",
              "description": "Comment about the rejection"
            }
          },
          "required": ["status", "approver", "rejection_comment"]
        }
      },
      {
        "key": "task",
        "schema": {
          "properties": {
            "task_id": {
              "type": "integer",
              "description": "Task number"
            },
            "status": {
              "type": "string",
              "description": "Status of the task"
            },
            "fulfiller": {
              "type": "object",
              "description": "Information about the fulfiller"
            }
          },
          "required": ["task_id", "status", "fulfiller"]
        }
      }
    ],
    "custom_object_relationship_types": [
      {
        "key": "agent_to_request_type",
        "source": "agent",
        "target": ["request_type"]
      },
      {
        "key": "request_type_to_agent",
        "source": "request_type",
        "target": ["agent"]
      },
      {
        "key": "agent_to_task_type",
        "source": "agent",
        "target": ["task_type"]
      },
      {
        "key": "task_type_to_agent",
        "source": "task_type",
        "target": ["agent"]
      },
      {
        "key": "requester_to_request",
        "source": "requester",
        "target": ["request"]
      },
      {
        "key": "request_to_requester",
        "source": "request",
        "target": ["requester"]
      },
      {
        "key": "requester_to_item",
        "source": "requester",
        "target": ["item"]
      },
      {
        "key": "item_to_requester",
        "source": "item",
        "target": ["requester"]
      },
      {
        "key": "request_to_item",
        "source": "request",
        "target": ["item"]
      },
      {
        "key": "item_to_request",
        "source": "item",
        "target": ["request"]
      },
      {
        "key": "request_to_task",
        "source": "request",
        "target": ["task"]
      },
      {
        "key": "task_to_request",
        "source": "task",
        "target": ["request"]
      },
      {
        "key": "request_to_request_type",
        "source": "request",
        "target": ["request_type"]
      },
      {
        "key": "request_type_to_request",
        "source": "request_type",
        "target": ["request"]
      },
      {
        "key": "request_to_approval",
        "source": "request",
        "target": ["approval"]
      },
      {
        "key": "approval_to_request",
        "source": "approval",
        "target": ["request"]
      },
      {
        "key": "task_to_task_type",
        "source": "task",
        "target": ["task_type"]
      },
      {
        "key": "task_type_to_task",
        "source": "task_type",
        "target": ["task"]
      }
    ]
  }
}